id;muscle_group_en;muscle_group_fr
006b8d06-7616-4dff-963c-29c65ab767de;Legs;Jambes
007de4ef-7565-4c1b-b845-0127b8507621;Full body;Corps complet
0082b05a-57c3-41d2-b544-2c8aac0ff1bb;Legs;Jambes
01e5afea-51be-4955-8366-7cf4e1c9f9a6;Core;Abdos
01f539da-0679-475d-8cdd-8db6864d3981;Arms;Bras
0333c966-1d70-499a-9d06-ecd2fc305633;Full body;Corps complet
03aa2521-4aa5-428a-ad26-1c20ab9a05e7;Legs;Jambes
04285320-1c0b-4c64-8d7e-413d69177852;Legs;Jambes
0560cb68-976d-42b2-9960-6423b564da24;Chest;Pectoraux
05d525e6-cb3d-4f1e-a8af-56cc6eac4a75;Legs;Jambes
061d9d62-aed3-4037-9d6d-123b6071104b;Shoulders;Épaules
068ea600-c599-435c-bfe5-2f23d1d0a122;Arms;Bras
0699f1cf-f589-4754-851b-2895c3b4f051;Back;Dos
06a5e848-0ee0-4618-b103-8276b304d239;Arms;Bras
06e375bc-4570-4883-bef3-f07ba0acacb9;Legs;Jambes
07c57514-c333-4698-a0f5-bd4dda50aa86;Chest;Pectoraux
08179e7e-6a9b-49b3-8e5c-8b9bc427f726;Core;Abdos
082efe4a-c290-4701-99bf-023ad364c618;Legs;Jambes
085d3e21-5696-455e-b268-bd0bae6d8a3d;Chest;Pectoraux
0958dc07-5fd1-499b-bdf4-2993baf5a406;Arms;Bras
0ad86673-1a70-40cf-8c2c-a95eb2e6a6df;Core;Abdos
0b09e154-5d9d-4863-9a06-71a5b60a465d;Back;Dos
0bd0d21f-d2c3-4ebb-ab09-3bb1362229f1;Arms;Bras
0c0556ff-e929-4273-996e-6cc96d799732;Core;Abdos
0c5ba191-8238-4257-9bfc-eadd1ede44fe;Core;Abdos
0c8e5a14-61df-4c60-9f94-b66cc67f016f;Legs;Jambes
0ca7b2c3-a42b-4599-b784-8b2591663aeb;Arms;Bras
0ce3d27d-9b80-4aa2-8ed9-bd0c9b879fd8;Legs;Jambes
0d7c08c6-0df3-42ce-ab91-a1f12770376c;Arms;Bras
0d839ecb-a1aa-4bec-8925-768f0bcd9966;Arms;Bras
0e25e306-8cbd-49d0-9cfd-841ae530c449;Cardio;Cardio
0ee6f440-3bd7-4eb6-9272-0a0759e557ba;Back;Dos
0f09a603-db6e-4f60-bbbf-ce54ea7ad9ed;Legs;Jambes
0f10b2f5-7d76-4948-9a80-c3cd3ed51909;Legs;Jambes
0fb2f471-89b0-49c1-8549-64fe6dc50d9d;Chest;Pectoraux
100d77f6-3d0d-422a-ac79-372e77ccd43b;Chest;Pectoraux
106c437f-d315-4bee-81c5-716fac8d293c;Full body;Corps complet
117a6828-b503-431d-b53e-d4a5a0bd49e2;Arms;Bras
12377a67-8743-44d5-a589-fabe77674d1e;Legs;Jambes
133bbba5-149c-4fb7-9bde-9bb7e49b29f1;Back;Dos
143846bf-dba2-4f8f-8408-63eb1b87c86e;Shoulders;Épaules
149e4125-9306-4b9e-b3ce-710278cf3c48;Arms;Bras
151c5676-f21a-49da-b318-80878b0347f6;Arms;Bras
15922df1-0277-40f1-bf05-b87fa64ea2b0;Legs;Jambes
1689d054-0232-43d5-aaec-3cb0ce6cdb85;Arms;Bras
179f3a2c-5001-453f-bb40-5010a559471b;Legs;Jambes
193c3102-ec99-453e-9f30-3d9489d41b6c;Legs;Jambes
1bfbc465-1d9e-4008-9434-1e61590b7786;Back;Dos
1d22af65-7571-4a9c-82f7-10010e265f50;Back;Dos
1eccbcbe-20b6-4ddc-83c1-1e845bc0949f;Back;Dos
2000ea52-d475-40fc-a1d0-b7d3d8454057;Full body;Corps complet
2060f02b-d362-449f-ae12-257b44ee6ea0;Legs;Jambes
207f4b18-c92e-4bca-b301-fc847064c18f;Core;Abdos
223d75f9-39d0-4572-a01f-0219d44c9ed9;Core;Abdos
22bb2987-318c-48d8-8642-ef3be7044f1a;Chest;Pectoraux
22c1f8cb-fdb5-4166-a3bf-30b33054fca0;Legs;Jambes
22ce9c4f-687b-4b58-aa92-05eb5eeea7c7;Shoulders;Épaules
22d74234-78b3-4a87-a107-7dbadc4a0208;Core;Abdos
234e1b9a-58eb-4d8e-ad0f-cbaa5cdf4ae0;Legs;Jambes
23b4ae74-f61c-45f3-98da-7c3ea0b40718;Cardio;Cardio
23f7c1b1-3b17-4a1c-9924-5fd706a02f10;Shoulders;Épaules
24fbc166-9919-4576-a6c8-3579a22770fb;Chest;Pectoraux
254ca97c-d633-456d-a054-b6620a116ec9;Core;Abdos
25c24b31-d933-46e6-b766-0c8af1ed390a;Full body;Corps complet
264a7a87-58b1-49e2-90a8-b613b7f2cb36;Core;Abdos
2783130c-4cbb-4d54-bcab-e0548ad8e68a;Legs;Jambes
2a76b534-f451-4a49-8fc0-9aa82eabe8d7;Arms;Bras
2a9bcb3d-c0cf-4e5f-bb0f-64d9a99db340;Shoulders;Épaules
2b0c7270-1847-4117-a5b0-fd630dc56cd7;Core;Abdos
2df3e0f2-3cd6-4b0f-a9a2-440322382097;Legs;Jambes
2e06db38-c36a-421b-a6a0-6a20ac94ea01;Shoulders;Épaules
2f5dc0de-8030-470b-8348-09d806d070fd;Chest;Pectoraux
2fd70829-cc7a-4c1e-ab9e-968d8d30785f;Legs;Jambes
306d1901-9759-4194-8a68-1754efe02542;Full body;Corps complet
30db82ef-f9d5-4ee8-a9b2-fae311e47b1c;Core;Abdos
3140aa75-ef1e-4686-87fd-da964e5494f8;Back;Dos
31ea1ea9-07a6-404d-94bf-9a0f890104bc;Chest;Pectoraux
32cc95e0-ef29-45cd-8645-fd041ebb410e;Legs;Jambes
34c290a8-33bc-4dc6-997d-56769dbf8339;Arms;Bras
3504bef7-ccde-44a1-8c79-f1b0d6e1e688;Core;Abdos
3617568c-7209-4c6e-9623-8a6a5652a08b;Shoulders;Épaules
387addac-7812-423f-9dc3-fbc7b9dc9992;Chest;Pectoraux
38e14f7a-c8b9-4c61-8ee7-566b82996bdf;Legs;Jambes
395d54c3-cd60-4fa2-b83c-99cdfff07afb;Legs;Jambes
395d5d2f-3c90-4b9b-a9d2-15a544ebbe21;Arms;Bras
3a8fb2db-c216-49a8-8120-65f52e36c1ad;Shoulders;Épaules
3da7ed23-0687-4044-af0f-754ef5a83755;Legs;Jambes
3df3df95-fe3e-4873-ad37-4dadcb917c45;Chest;Pectoraux
3e59efb5-60a3-4bc1-a5b8-b47ee504d6eb;Full body;Corps complet
3e5e16bf-08df-4588-a76b-d4b783e9a555;Shoulders;Épaules
3ee74315-0b42-4a19-98f6-a26629a817d5;Legs;Jambes
3fb7c3b6-565f-4b0f-9207-a59757fa76b7;Back;Dos
3fc2119e-b92d-420b-af57-f2b431902074;Shoulders;Épaules
4004faf1-27e1-40f3-9a86-7af903dccffc;Legs;Jambes
412918c1-f509-49db-8c5b-0fd60c28f433;Shoulders;Épaules
41311e11-9570-4672-8dec-91f2d4a24970;Arms;Bras
41fa45bb-0e4c-4ace-a976-0069fa46cd04;Back;Dos
42219fa3-f109-4b56-a4fc-6af5fc4f350c;Shoulders;Épaules
42affa76-a8ef-44f5-b701-4951a6425253;Legs;Jambes
44184406-56fc-4b94-bf0e-e1d14b0d5be5;Core;Abdos
44955a8d-ca79-4cec-acba-eeddb967a866;Core;Abdos
44cabe1b-7511-4004-9e2b-00514780607b;Core;Abdos
45defa0b-a6b5-4650-829b-a7fc7fca9d0e;Shoulders;Épaules
46510051-16f0-4ae4-92a7-aeec9f06d879;Back;Dos
481b9cde-43e2-44e7-b22f-edf7d63764f1;Core;Abdos
4974d2f4-f1ad-45f5-a1cf-1c72b9d4b7b7;Legs;Jambes
49e7158b-2661-40a5-ac95-c35bc9a63dba;Legs;Jambes
4aa4d36a-c815-4caf-bca2-184244d44e34;Core;Abdos
4af9f4cd-713f-4678-a47e-9658a9f44a8d;Legs;Jambes
4b5a23c1-91f3-4c0a-88e5-624efa76fcd2;Back;Dos
4b9c2da0-51b7-4005-9498-36a0a49097a2;Arms;Bras
4bbd90a8-0d86-4e20-8538-b2182ea89849;Shoulders;Épaules
4bd2e5c8-f8dc-4009-9207-7091a567a9c6;Arms;Bras
4cd70009-3eed-4b18-b32b-1161cc025712;Back;Dos
4fd6e517-678d-403b-8a2f-0466d1436ef6;Chest;Pectoraux
50e0a255-01b3-4ed9-83c4-e3a7c0c74c66;Core;Abdos
50fbef34-4784-42e0-9991-bd6670f67a5e;Chest;Pectoraux
52fff59f-6999-4b21-8d28-d63ab0948b97;Arms;Bras
542dcf55-3e54-4496-89ec-afff74607e16;Chest;Pectoraux
5572f829-6649-437e-9763-aa7143214102;Core;Abdos
5599a2ea-8766-48a8-86d9-9d93c83edf45;Shoulders;Épaules
55b9b5fb-ad7c-40f6-8d95-112e073f372f;Chest;Pectoraux
55d2ebbf-ca85-4972-bcd7-53057d7c5002;Legs;Jambes
575654b9-b924-44d8-86eb-0dd281a5c32e;Legs;Jambes
58d0df19-54df-41e3-a821-e4f807686951;Full body;Corps complet
58d1dbfd-80b9-4aa8-b29b-7c5ba55697ce;Shoulders;Épaules
59a5d41a-d7e3-4a58-b110-be5e508a8a85;Chest;Pectoraux
5a7dd6a8-87ca-4812-bdd6-26b2ff28bce3;Full body;Corps complet
5b836b92-c93d-4ff4-8473-704009b12146;Shoulders;Épaules
5c3e72e4-55c1-49ef-8a4d-6f19fe2493aa;Core;Abdos
5c7aee14-1d7f-47d3-ae6a-950e68db13ce;Full body;Corps complet
5c9e6759-cb83-4f9e-9812-4c60775b4c80;Arms;Bras
5ce9e68e-acbd-444b-aff4-9a8b7e09c839;Legs;Jambes
5d1a3d59-17b9-4dfe-9600-87b4d8da6af6;Legs;Jambes
5da7f38a-a471-4562-a698-e43c48ab1795;Legs;Jambes
5ec365de-672c-40d3-be17-28004087e38d;Chest;Pectoraux
5f27f2e7-fb3f-4809-92c2-c54f94f68d63;Shoulders;Épaules
5f38a560-2a75-444b-9b7e-810b70120939;Back;Dos
5f7b9683-4b3a-4639-8880-28899923aafc;Legs;Jambes
604c9d43-9fc0-47c8-b540-6b59e795377d;Legs;Jambes
61363933-2797-42f2-a302-f0dbd1f2538e;Back;Dos
61aa7e5e-714d-4dc3-9059-cba62f69a583;Back;Dos
63bb673d-8170-49f3-9f0f-f1c8da83a4ad;Back;Dos
65035791-ed22-43d7-86c2-e387a265b448;Legs;Jambes
65d3b24b-d970-4ef6-90a9-66584a9e35e5;Legs;Jambes
65dba642-044f-4a88-9cd4-e9b57a7f6c80;Chest;Pectoraux
66010524-fa6c-4956-b11e-99d47284b56b;Core;Abdos
66257dca-2a3b-42b8-b529-5b5544a76e65;Arms;Bras
66392ea2-ff82-488a-b2f1-802f6c3df7f1;Shoulders;Épaules
6732f99d-b165-4c27-91c4-af48786c886c;Chest;Pectoraux
67d1525a-5237-433c-a969-2ad2ee00254c;Legs;Jambes
6916dbd4-61a8-4fc2-8e22-21917c6320dd;Shoulders;Épaules
6997b03e-d96b-42d4-b9d6-3b3dbfcce869;Shoulders;Épaules
69cc7c50-dc46-4442-a2f7-b6fba67f43a3;Core;Abdos
6a1c2a08-88e0-4ca1-920a-9c1c7951e58a;Arms;Bras
6b96fdf5-0739-40ba-b0bb-4eba24de8705;Back;Dos
6ca51ae0-6293-4b33-a327-3cab1fe48471;Legs;Jambes
6cb3593f-6b9b-454b-bef0-cb1762838256;Back;Dos
6d51c565-852f-408c-a10d-05e9066bda0e;Full body;Corps complet
6d902420-838d-414a-bda1-4077f8c6c45d;Shoulders;Épaules
6ddc3657-62ca-49dc-bb9a-95b731561bc5;Arms;Bras
6ef327d1-c93a-4407-bc14-6ac5b5186490;Chest;Pectoraux
6f63cdaa-8872-4bca-b6e2-6dfe85ea213a;Shoulders;Épaules
703f75ba-b467-4985-823c-1633251e89e0;Legs;Jambes
705c75e8-9123-4a55-8bc2-6c04c3ba704b;Legs;Jambes
712f5c0a-f1e1-4b91-8744-eda18f623826;Full body;Corps complet
745fc8dd-4259-40e9-b06c-627a52898f31;Legs;Jambes
74949066-152b-4289-bf43-40c2418fb34c;Full body;Corps complet
74dbf450-bee7-4afd-a682-6958d7ee93fa;Full body;Corps complet
767d4d01-ef4d-4261-a9d2-c59c517aa4ec;Arms;Bras
76a159f8-6b23-4f4a-80d3-175ebe7aca29;Shoulders;Épaules
77581e7f-ffc1-4a87-b099-34a2fc9a8b09;Back;Dos
7a0c2eb6-1d96-4a19-ac27-57051a94417b;Shoulders;Épaules
7b038969-abe1-4b80-b26f-ad3eba1884a6;Back;Dos
7b908cbc-60e5-4fd9-ad36-162d664f9845;Back;Dos
7c969d76-e549-4ca7-9d4c-fa0c3cd26637;Arms;Bras
7d360077-d233-4642-a73f-b9b3578acc6a;Shoulders;Épaules
7d9125d5-e7ba-41c3-94e9-882949977d0d;Arms;Bras
7df82111-0858-4ae3-813c-5e8f112396ac;Shoulders;Épaules
7eaa5bae-1ebb-4034-87ef-ac86022d0577;Arms;Bras
7eb64fc7-6793-4613-95fa-817c1ecaac48;Full body;Corps complet
7ebfc1df-1a9b-4b55-a91a-3ba02734982c;Arms;Bras
7f95deb6-f91f-4c0e-999e-3af919807347;Legs;Jambes
7ffaf610-809f-416b-b7e0-cabdee270a4d;Back;Dos
80bc80cb-b123-4dbc-9c8a-8894c99b969e;Shoulders;Épaules
81297403-1b5a-4d74-b92c-f760d495da16;Back;Dos
8258d8c6-f57f-4a67-8ff3-6b449819077a;Chest;Pectoraux
85c359c5-7a0f-4f00-8f75-6312fec4c58a;Legs;Jambes
85ea41e1-a9fd-46cb-a8ba-d2ecc238f118;Legs;Jambes
864c8671-fbec-4f58-9e60-57ee07b1c61b;Legs;Jambes
86a6061a-0455-4112-94e6-c2fedb1417cc;Legs;Jambes
86a75829-7df5-47dc-acbb-bc067d407666;Arms;Bras
87025315-e7b0-4b34-9fdb-08255f49e507;Legs;Jambes
88d82cf4-382e-46a3-a863-100d169179c1;Legs;Jambes
8970c2a6-3c4c-46c0-800e-59495680aadc;Shoulders;Épaules
8a67e697-ef30-4172-8b31-18a5ea82ef45;Chest;Pectoraux
8b4feb3d-5906-4776-a8bc-03ece6fbf1b1;Shoulders;Épaules
8c4c994f-5fad-49fe-87df-4041f46a5a59;Shoulders;Épaules
8cbf6e54-87a1-4e7d-9db4-c99bf84aac3e;Core;Abdos
8e55a417-c99d-458c-a264-16673ffccdf8;Full body;Corps complet
8fa9317b-60ce-4002-a8b6-880e368f29aa;Arms;Bras
8fb248c2-dda5-46e1-ac33-062b582403dd;Back;Dos
8ffdb985-fbb9-48f0-b7f7-adb5194dbf46;Legs;Jambes
9073ec0b-1cdd-4983-bd99-edf3d20508ba;Chest;Pectoraux
91414e3d-0c61-4cc8-b6f2-f491ca8da368;Legs;Jambes
91442cf6-b890-4242-931d-2fb807272336;Core;Abdos
9196b0be-e5c4-4d2d-8d44-3b06f7a4a1d1;Core;Abdos
920f5e10-257c-4387-823a-e172846fa3af;Legs;Jambes
92854f01-1c31-4d84-8be5-9cd677e699e0;Arms;Bras
9395dbae-754c-42f5-bf91-0189b3ad3eda;Back;Dos
95e1eb33-2466-4aba-bc47-2ba0d203f908;Shoulders;Épaules
9706874c-8ef3-4b08-aa66-0b5239d830fd;Legs;Jambes
979dfbbf-d64d-4d18-9d0e-8a9ae6475189;Legs;Jambes
9810a637-c572-4da2-937c-2929d2358a7e;Shoulders;Épaules
9837ed70-f8e5-47cd-b892-8ec783310eae;Arms;Bras
9854e2a9-f06f-4202-8a41-80311284aad1;Legs;Jambes
9bc44a2a-02cb-4106-8b2a-1f4522049619;Legs;Jambes
9cbcfe35-2198-4ec6-a36c-90db1ed7cf39;Back;Dos
9cc855eb-2311-4c9b-b1d9-677b9af53a8c;Core;Abdos
a03f1425-8b88-4f71-9040-642f36b0c30d;Full body;Corps complet
a13213d3-21c7-4bff-b30b-03fd91eb2b16;Chest;Pectoraux
a1ceeb92-e665-4ada-ae6f-d1edab5d1453;Core;Abdos
a22057f3-6892-448e-a8d5-3b9ab50669ea;Legs;Jambes
a2d71c48-6f32-4113-91c0-40aba8fb11a3;Legs;Jambes
a3b3e1f0-618e-4650-a4a5-84f3a3689c4d;Legs;Jambes
a3c2d44a-ae3e-48e1-bbed-2590fc025cc9;Chest;Pectoraux
a3e0de03-1ee0-4be2-a933-db738a7dedbb;Shoulders;Épaules
a3ed7c03-a89a-4e91-a0c7-944838e24331;Arms;Bras
a446cba4-dbd2-4f25-a438-7d83f9815bb0;Legs;Jambes
a53236fc-4f5b-4da4-b809-526682c3fd1e;Legs;Jambes
a569f281-dc9e-431e-9bbd-895cdc991b67;Legs;Jambes
a61e813b-31ef-4c5e-a6bf-06b54f17feb2;Shoulders;Épaules
a708fe56-8b1c-4f83-b7e3-37caf8334255;Full body;Corps complet
a769df02-16e5-4c34-a63c-07ff3632eb02;Back;Dos
a87031ef-9c13-4299-8409-efa967696c3a;Legs;Jambes
a9de0822-de49-4235-a9b4-4851eb152abb;Legs;Jambes
ac315b27-cbee-41c6-90d0-7ff462b1e00c;Chest;Pectoraux
ac99999d-e930-4c7c-8a38-a1f4feba54fc;Legs;Jambes
ad862e49-a17e-496e-b6d3-bd5b176226d4;Arms;Bras
add3e1cd-aa5f-4c93-9741-0d869ffb2a96;Legs;Jambes
ae932651-7a0c-4bb5-a013-2d5566a3940b;Legs;Jambes
aee22256-f236-467d-b3ff-544db82d4497;Core;Abdos
af7aebef-e8b3-47b6-8a17-8f8b748b4f0a;Shoulders;Épaules
affbfcfd-f605-4b66-8ca4-90a83cfa456f;Back;Dos
b1638e88-f6f9-4f29-aaed-e2cee78e8351;Chest;Pectoraux
b1c17b81-3c7d-411b-b7ba-8db7088af18f;Legs;Jambes
b1f02aac-0483-4984-bcd7-59dec89783bc;Shoulders;Épaules
b25d8fa9-8f0f-4de0-88e0-a43054dc0392;Arms;Bras
b313a1ac-8377-42b6-8483-392d5b5816b4;Core;Abdos
b33f8c98-1dcb-44b3-bec2-f8abcb30188c;Shoulders;Épaules
b6f94008-dbbe-4eb7-8622-ef7236b32f4d;Chest;Pectoraux
b8c0c8da-197a-424d-a2ca-a42f0bde64f1;Shoulders;Épaules
b9a73b04-841f-44e0-9f36-782b18647bd5;Legs;Jambes
b9c0650d-b321-47d7-836b-d24082258f7b;Legs;Jambes
ba3012f8-2f92-4c2e-a49d-ebf73febdd21;Back;Dos
bad86007-f5f1-42fc-8c6b-616c51764772;Shoulders;Épaules
bb0918ca-b925-433d-b37f-16c5e9a0115c;Legs;Jambes
bb09b918-8745-4f9c-ad60-4d4cdad6b6b2;Core;Abdos
bbb701d9-33dc-4d29-9d0a-5e4692b8571e;Legs;Jambes
bc05534c-1331-4d0f-859d-96325d2324d9;Legs;Jambes
bcb0c9b0-39a5-4d8b-98fe-dd2570de63b2;Back;Dos
bd21629a-dacc-4510-ae21-3d4e1b31dfde;Back;Dos
c07a0cf9-78a5-471f-b9ee-de0c785d6dfa;Legs;Jambes
c1cc2d59-e4ec-4600-9f42-8989e84de4f3;Back;Dos
c23f9e02-46cc-4170-b4dd-afc60ea0723c;Chest;Pectoraux
c3b4e926-73af-4638-ac48-2eaf8ebde5b2;Chest;Pectoraux
c3f21f19-7c2a-47b9-a225-e72d9c968dd8;Shoulders;Épaules
c4c0c671-656d-4540-859c-089f2da76afe;Back;Dos
c65ad5e8-f7d3-403d-966f-3b85777e3d4d;Full body;Corps complet
c7277e64-ca3a-4dc2-ac83-dedb38935ff1;Legs;Jambes
c74ed890-3091-42e2-990c-d447c346ca35;Legs;Jambes
c767496f-39c4-409f-ad6d-979916f49ad9;Legs;Jambes
c78d2c4f-c8d0-4b6f-986a-1e4c41208f9c;Back;Dos
c8484548-3866-4aed-8a98-8f617b5a50cd;Legs;Jambes
c8b28d49-5dc9-4c87-98e8-b5b2a9cd2f14;Full body;Corps complet
c8cf5980-6489-46b0-9cb1-563e4f370e00;Core;Abdos
c8f7ae47-024a-4da1-acf8-ff3019235d5a;Chest;Pectoraux
c9b800f1-b0fb-4e84-9c4b-bb3ad3f5e41f;Legs;Jambes
cbaded4d-76a5-46ea-9b6c-fc6e951e1d46;Arms;Bras
cbe92890-a11b-487c-8bd1-6394f0874d2c;Shoulders;Épaules
cc7a3910-1d33-48a2-9587-4248ec0b6cd0;Core;Abdos
cdec34e3-752e-4943-939e-a53057f46a7c;Legs;Jambes
ce728799-7a8b-4cec-bf41-d3bb398830f4;Back;Dos
ceea8dc3-465a-4253-b91c-39162619227a;Back;Dos
cfe1a658-6c07-49e0-88b6-e8d7ee8c7003;Chest;Pectoraux
cfe54fdd-5861-4c29-83bc-233538a49aaf;Legs;Jambes
d073704d-5888-4c08-b5d5-a1e0dd71327e;Legs;Jambes
d0937983-b826-4218-9104-7bcfa9ecd0b1;Legs;Jambes
d1c5e117-5091-4209-8e74-85483faaed00;Arms;Bras
d2e41dfb-32a3-4a95-a6c8-bd69bd24e990;Legs;Jambes
d3afc12d-3665-4845-be3a-2de12ad857c1;Shoulders;Épaules
d3c911d4-43ac-42bc-beed-84f171d7640d;Shoulders;Épaules
d3d6a468-dcd9-4c83-9998-af94feed8120;Back;Dos
d49012a2-0e09-47a2-b9b3-05084cc4e086;Back;Dos
d547ecbb-e654-4b30-989c-7729bf5820ea;Arms;Bras
d5626859-5de8-4db5-aaa1-7b37444e1ecc;Legs;Jambes
d5909296-f783-4af4-afc0-edea2b1f8920;Core;Abdos
d5d936c5-980d-4c3c-827a-d60428e4eeb9;Back;Dos
d5f6bc02-45cd-4c2e-b3c9-a4761b32bab0;Core;Abdos
d7b4421a-42e5-416d-a299-bfdff67fdcb5;Legs;Jambes
d7d4ddac-ed18-4b64-ab0b-8d7cdaa88a8d;Full body;Corps complet
d88dc9e1-4901-4b96-b9a1-76719d72fcfc;Back;Dos
daacb33e-36a1-4222-9264-1246e2383ba5;Core;Abdos
dac7130a-b22f-4452-8c43-b35e77464435;Arms;Bras
daea0056-38bf-4eee-9be5-ef7a9b9c11ab;Full body;Corps complet
dddc3cce-d370-4531-b0bb-429fe95db9a0;Legs;Jambes
ddfd0dd6-f89c-44fe-a38d-17842d865a7c;Chest;Pectoraux
de11660c-e720-4314-9429-6d825d275449;Full body;Corps complet
de84c6db-6663-4d72-8c91-ecc95bb42aa8;Legs;Jambes
deed6a0f-dc64-4c9e-8331-dea9052aaf96;Arms;Bras
dfe1931b-af1f-461e-b5fd-f0431e341f98;Chest;Pectoraux
e0f20ec7-4bc9-4d37-a254-d0269bdaa8d8;Back;Dos
e14dd6c5-1645-4faf-ae59-b8979c6606bf;Legs;Jambes
e1f61721-6a5d-460e-9b2f-6226d10e8b0e;Back;Dos
e411ed03-2879-4a24-8eb0-5ba3ac164b98;Core;Abdos
e6eda087-2e35-4dd2-83c4-e584322041d7;Back;Dos
e8b01354-4d83-4c5c-8f80-c046252a5fc6;Legs;Jambes
e90f1801-3362-4b96-b345-6b8f7c4e3138;Core;Abdos
e92de561-bb58-405c-940b-ac4f40fad43c;Legs;Jambes
e9a0f672-9654-43bc-98e7-a94bf65bc177;Core;Abdos
edf8bdb9-6db9-4155-90f2-4be2fbde46fd;Chest;Pectoraux
ee5f1f69-71e9-432d-8fd4-0e3d25195c40;Arms;Bras
ef58996b-4406-452f-9a80-08d1d3fbfffa;Legs;Jambes
effdf85e-38a1-46a0-a0ab-6b97cb96e352;Back;Dos
f0b7e1ea-0c52-4231-9feb-4ac64aa12222;Full body;Corps complet
f0d6879e-b3c4-42c7-8388-6a01ea5b1b8e;Back;Dos
f11d7276-9f6e-482b-b6f8-2b2acd376346;Shoulders;Épaules
f130e61f-ca12-4a0a-91ca-62868c36009d;Core;Abdos
f1407cef-e88c-430b-aeca-7019e51eb30f;Full body;Corps complet
f19d5540-d2dd-4104-97f1-76ca70d284b8;Core;Abdos
f1a970c8-bdcf-474a-8026-1bf4000f1e39;Legs;Jambes
f2161f07-5d34-4abe-aca7-1d990a7a6b6c;Full body;Corps complet
f2fc4200-2d9b-45f3-95c1-2cd699431e10;Full body;Corps complet
f370d97c-4876-41d9-86f5-59fced0c4b53;Legs;Jambes
f66af7f7-0387-416f-b1d3-9528a7d49e63;Chest;Pectoraux
f7f35198-8095-4ff3-ae66-5d93673bd6d2;Chest;Pectoraux
f892fadf-d816-4a1b-b8ef-09f9654db359;Chest;Pectoraux
f905517b-bb1b-456b-8a28-57b44b65a172;Legs;Jambes
f9170e95-c867-4ca3-b3a0-00565bba4896;Legs;Jambes
f9b88317-b57d-45c5-812c-91652ffa7be7;Legs;Jambes
f9d59281-2489-4130-85b1-19d897d7f229;Back;Dos
faa50443-874b-49ee-93e6-e7c3cc5e534a;Back;Dos
fb542932-3c43-4159-8a2b-2a9363b4ad87;Back;Dos
fbf9966a-8317-48a2-8555-2f9c55be75f5;Arms;Bras
fc9d28bf-8dab-4bd7-a40a-228075c1de7d;Shoulders;Épaules
fd1cfc2f-cc21-4599-824e-8e10961c7f4d;Chest;Pectoraux
fd1f1a57-3390-4602-bdb1-71818c3d3c26;Back;Dos
fd6699cc-14f0-4c7e-8a13-7a9c2a1a36cf;Arms;Bras
fd8d7c24-d9bd-44cd-832c-90d3b128d56d;Legs;Jambes
fde427a6-205c-46fc-a5fa-d35ddef9af65;Legs;Jambes
fe974cb8-d7b3-47a5-bf6a-a405ae7e5074;Shoulders;Épaules
fef83da3-ed05-4a4a-8131-a0febf913d77;Legs;Jambes
ff173b16-bd57-4d93-a5d3-aca72d993243;Arms;Bras
ff54c257-c046-49e6-9666-c0cf267ee033;Chest;Pectoraux
ffba3c4c-5c2c-4c2e-b2c8-816b1bd1068b;Shoulders;Épaules
